<?xml version="1.0" encoding="UTF-8"?>
<project-private xmlns="http://www.netbeans.org/ns/project-private/1">
    <editor-bookmarks xmlns="http://www.netbeans.org/ns/editor-bookmarks/2" lastBookmarkId="0"/>
    <open-files xmlns="http://www.netbeans.org/ns/projectui-open-files/2">
        <group>
            <file>file:/C:/Users/admin/Documents/hospital%20management%20system/src/Registration.java</file>
            <file>file:/C:/Users/admin/Documents/hospital%20management%20system/src/Patient_Discharge_roomRec1.java</file>
            <file>file:/C:/Users/admin/Documents/hospital%20management%20system/src/ChangePassword.java</file>
            <file>file:/C:/Users/admin/Documents/hospital%20management%20system/src/Patient_Admit_roomRec1.java</file>
            <file>file:/C:/Users/admin/Documents/hospital%20management%20system/src/Services.java</file>
            <file>file:/C:/Users/admin/Documents/hospital%20management%20system/src/UserRecord.java</file>
            <file>file:/C:/Users/admin/Documents/hospital%20management%20system/src/DocRec.java</file>
            <file>file:/C:/Users/admin/Documents/hospital%20management%20system/src/Entry.java</file>
            <file>file:/C:/Users/admin/Documents/hospital%20management%20system/src/Patient_Discharge_room.java</file>
            <file>file:/C:/Users/admin/Documents/hospital%20management%20system/src/Patient_Discharge_roomRec2.java</file>
            <file>file:/C:/Users/admin/Documents/hospital%20management%20system/src/Bill_Room.java</file>
            <file>file:/C:/Users/admin/Documents/hospital%20management%20system/src/Connect.java</file>
            <file>file:/C:/Users/admin/Documents/hospital%20management%20system/src/LoginDetails.java</file>
            <file>file:/C:/Users/admin/Documents/hospital%20management%20system/src/Main.java</file>
            <file>file:/C:/Users/admin/Documents/hospital%20management%20system/src/Room.java</file>
            <file>file:/C:/Users/admin/Documents/hospital%20management%20system/src/Patient_Admit_Room.java</file>
            <file>file:/C:/Users/admin/Documents/hospital%20management%20system/src/LIV-Hospital.jpg</file>
            <file>file:/C:/Users/admin/Documents/hospital%20management%20system/src/ServicesRec.java</file>
            <file>file:/C:/Users/admin/Documents/hospital%20management%20system/src/PatientRec.java</file>
            <file>file:/C:/Users/admin/Documents/hospital%20management%20system/src/Patient_Admit_roomRec2.java</file>
            <file>file:/C:/Users/admin/Documents/hospital%20management%20system/src/login.java</file>
            <file>file:/C:/Users/admin/Documents/hospital%20management%20system/src/NewUser.java</file>
            <file>file:/C:/Users/admin/Documents/hospital%20management%20system/src/About.java</file>
            <file>file:/C:/Users/admin/Documents/hospital%20management%20system/src/Bill_RoomRec.java</file>
        </group>
    </open-files>
</project-private>
